ID,Name,DOD,Mobile Number,Email
1,Daniel Smith,04-02-1949,+91 7808973194,joseph32@example.org
2,Jermaine Padilla,04-11-1933,+91 8182467557,johnny58@example.net
3,George Morgan,07-07-1994,+91 7785924477,nathanrivera@example.net
4,Alexis Castillo,03-05-1970,+91 7126236041,ebonyaguilar@example.com
5,Mark Manning,04-08-1969,+91 9419466334,tiffany41@example.org
6,Amanda Cisneros,11/28/1923,+91 7540081495,alvarezjason@example.com
7,Justin Obrien,4/28/1983,+91 9731658219,fpitts@example.com
8,Amy Mcpherson,10/24/2017,+91 7456565982,patriciaharris@example.net
9,Jonathan Martin,1/21/1977,+91 7349035528,zmiller@example.com
10,Jennifer Barr,2/16/1972,+91 7633425145,victor51@example.com
11,Natalie Smith,4/23/1998,+91 8373268488,ttucker@example.org
12,Latoya Roberts,04-02-1970,+91 8060137708,timothywall@example.com
13,Christine Benjamin,05-04-1993,+91 9402233068,danaelliott@example.com
14,Joshua Wiley,01-01-1950,+91 8589264224,vwilliams@example.org
15,Wanda Moore,10/24/1946,+91 8672930377,bperez@example.net
16,Alexis Cabrera,1/18/1917,+91 8831095676,scross@example.com
17,Crystal Chapman,2/20/1932,+91 8626251024,kimberlyramos@example.net
18,Timothy Schroeder,01-12-2021,+91 9572543148,tdavis@example.org
19,Jeffery Wheeler,3/13/1974,+91 7571144998,mckinneydanielle@example.org
20,Cheryl Costa,5/30/1912,+91 8293183771,tjones@example.org
